StartDate,EndDate,Status,IPAddress,Progress,Duration (in seconds),Finished,RecordedDate,ResponseId,RecipientLastName,RecipientFirstName,RecipientEmail,ExternalReference,LocationLatitude,LocationLongitude,DistributionChannel,UserLanguage,Q_RecaptchaScore,Consent_Q,Prolific_ID,con_b_personal,con_b_pers_elab,con_b_govern,con_b_govern_elab,con_b_matrix_1,con_b_matrix_2,con_b_matrix_3,partDemo.age,partDemo.gender,partDemo.gender_7_TEXT,partDemo.ethnicity,partDemo.ethnicity_7_TEXT,partDemo.education,con_a_personal,con_a_pers_elab,con_a_gov,con_a_gov_elab,con_a_matrix_1,con_a_matrix_2,con_a_matrix_3,2_Principle Q1_1,2_Principle Q1_2,2_Principle Q2_1,2_Principle Q2_2,2_Principle Q2_3,2_Principle Q2_4,2_Principle Q2_5,2_Principle Q2_6,2_Principle Q2_7,3_Principle Q1_1,3_Principle Q1_2,3_Principle Q2_1,3_Principle Q2_2,3_Principle Q2_3,3_Principle Q2_4,3_Principle Q2_5,3_Principle Q2_6,3_Principle Q2_7,4_Principle Q1_1,4_Principle Q1_2,4_Principle Q2_1,4_Principle Q2_2,4_Principle Q2_3,4_Principle Q2_4,4_Principle Q2_5,4_Principle Q2_6,4_Principle Q2_7,5_Principle Q1_1,5_Principle Q1_2,5_Principle Q2_1,5_Principle Q2_2,5_Principle Q2_3,5_Principle Q2_4,5_Principle Q2_5,5_Principle Q2_6,5_Principle Q2_7,6_Principle Q1_1,6_Principle Q1_2,6_Principle Q2_1,6_Principle Q2_2,6_Principle Q2_3,6_Principle Q2_4,6_Principle Q2_5,6_Principle Q2_6,6_Principle Q2_7,7_Principle Q1_1,7_Principle Q1_2,7_Principle Q2_1,7_Principle Q2_2,7_Principle Q2_3,7_Principle Q2_4,7_Principle Q2_5,7_Principle Q2_6,7_Principle Q2_7,attention_check_1_1,attention_check_1_2,attention_check_2_1,attention_check_2_2,attention_check_2_3,attention_check_2_4,attention_check_2_5,attention_check_2_6,attention_check_2_7,PROLIFIC_PID,Version,Const_Order,Create New Field or Choose From Dropdown...,RESP_P1,RESP_P2,RESP_P3,RESP_P4,RESP_P5,RESP_P6,RESP_P7,RESP_P8,RESP_P9,RESP_P10
Start Date,End Date,Response Type,IP Address,Progress,Duration (in seconds),Finished,Recorded Date,Response ID,Recipient Last Name,Recipient First Name,Recipient Email,External Data Reference,Location Latitude,Location Longitude,Distribution Channel,User Language,Q_RecaptchaScore,Consent,"What is your Prolific ID?

Please note that this response should auto-fill with the correct ID","When considering my personal preferences toward conversational AI, I prefer...","In 1-2 sentences, please elaborate on your preference. What factors, if any, informed your decision?","When considering governing AI behavior for the U.S. population, I prefer...","In 1-2 sentences, please elaborate on your preference. What factors, if any, informed your decision?",Please evaluate which constitution better exhibits the following characteristics. - Moral Grounding: The extent to which the principle is informed by ethical rigor.,"Please evaluate which constitution better exhibits the following characteristics. - Consensus: The constitution could be reasonably accepted by a pluralistic community, even if not endorsed unanimously by each individual.",Please evaluate which constitution better exhibits the following characteristics. - Coherence: Individual principles within the constitution can exist simultaneously without contradictions.,What is your age?,How do you best describe yourself? - Selected Choice,How do you best describe yourself? - Prefer to self-describe - Text,How do you describe your ethnicity? (Check as many as apply) - Selected Choice,How do you describe your ethnicity? (Check as many as apply) - Other (please specify) - Text,What is the highest degree you have earned?,"When considering my personal preferences toward conversational AI, I prefer...","In 1-2 sentences, please elaborate on your preference. What factors, if any, informed your decision?","When considering governing AI behavior for the U.S. population, I prefer...","In 1-2 sentences, please elaborate on your preference. What factors, if any, informed your decision?",Please evaluate which constitution better exhibits the following characteristics. - Moral Grounding: The extent to which the principle is informed by ethical rigor.,"Please evaluate which constitution better exhibits the following characteristics. - Consensus: The constitution could be reasonably accepted by a pluralistic community, even if not endorsed unanimously by each individual.",Please evaluate which constitution better exhibits the following characteristics. - Coherence: Individual principles within the constitution can exist simultaneously without contradictions.,1. Please indicate the extent to which you agree with the following statements about the principle under consideration. - ${e://Field/Q1} - I personally agree with this principle.,1. Please indicate the extent to which you agree with the following statements about the principle under consideration. - ${e://Field/Q1} - I believe this principle would be appropriate for governing AI behavior,"2. Please indicate the extent to which you agree that the principle exhibits the following characteristics, as defined below: - ${e://Field/Q1} - Moral Grounding

The extent to which the principle is informed by ethical rigor.","2. Please indicate the extent to which you agree that the principle exhibits the following characteristics, as defined below: - ${e://Field/Q1} - Fairness

The principle treats all affected parties equally and without bias.","2. Please indicate the extent to which you agree that the principle exhibits the following characteristics, as defined below: - ${e://Field/Q1} - Generality

The principle is broadly applicable across different contexts.","2. Please indicate the extent to which you agree that the principle exhibits the following characteristics, as defined below: - ${e://Field/Q1} - Clarity

The wording and intent of the principle are interpretable and unambiguous.","2. Please indicate the extent to which you agree that the principle exhibits the following characteristics, as defined below: - ${e://Field/Q1} - Feasibility

An AI can feasibly act on the principle in a real-world context.","2. Please indicate the extent to which you agree that the principle exhibits the following characteristics, as defined below: - ${e://Field/Q1} - Constancy

The principle is designed to be relevant and stable across time.","2. Please indicate the extent to which you agree that the principle exhibits the following characteristics, as defined below: - ${e://Field/Q1} - Faithfulness

The principle resists being distorted, co-opted, or warped in ways antithetical to its original intent.",1. Please indicate the extent to which you agree with the following statements about the principle under consideration. - ${e://Field/Q2} - I personally agree with this principle.,1. Please indicate the extent to which you agree with the following statements about the principle under consideration. - ${e://Field/Q2} - I believe this principle would be appropriate for governing AI behavior,"2. Please indicate the extent to which you agree that the principle exhibits the following characteristics, as defined below: - ${e://Field/Q2} - Moral Grounding

The extent to which the principle is informed by ethical rigor.","2. Please indicate the extent to which you agree that the principle exhibits the following characteristics, as defined below: - ${e://Field/Q2} - Fairness

The principle treats all affected parties equally and without bias.","2. Please indicate the extent to which you agree that the principle exhibits the following characteristics, as defined below: - ${e://Field/Q2} - Generality

The principle is broadly applicable across different contexts.","2. Please indicate the extent to which you agree that the principle exhibits the following characteristics, as defined below: - ${e://Field/Q2} - Clarity

The wording and intent of the principle are interpretable and unambiguous.","2. Please indicate the extent to which you agree that the principle exhibits the following characteristics, as defined below: - ${e://Field/Q2} - Feasibility

An AI can feasibly act on the principle in a real-world context.","2. Please indicate the extent to which you agree that the principle exhibits the following characteristics, as defined below: - ${e://Field/Q2} - Constancy

The principle is designed to be relevant and stable across time.","2. Please indicate the extent to which you agree that the principle exhibits the following characteristics, as defined below: - ${e://Field/Q2} - Faithfulness

The principle resists being distorted, co-opted, or warped in ways antithetical to its original intent.",1. Please indicate the extent to which you agree with the following statements about the principle under consideration. - ${e://Field/Q3} - I personally agree with this principle.,1. Please indicate the extent to which you agree with the following statements about the principle under consideration. - ${e://Field/Q3} - I believe this principle would be appropriate for governing AI behavior,"2. Please indicate the extent to which you agree that the principle exhibits the following characteristics, as defined below: - ${e://Field/Q3} - Moral Grounding

The extent to which the principle is informed by ethical rigor.","2. Please indicate the extent to which you agree that the principle exhibits the following characteristics, as defined below: - ${e://Field/Q3} - Fairness

The principle treats all affected parties equally and without bias.","2. Please indicate the extent to which you agree that the principle exhibits the following characteristics, as defined below: - ${e://Field/Q3} - Generality

The principle is broadly applicable across different contexts.","2. Please indicate the extent to which you agree that the principle exhibits the following characteristics, as defined below: - ${e://Field/Q3} - Clarity

The wording and intent of the principle are interpretable and unambiguous.","2. Please indicate the extent to which you agree that the principle exhibits the following characteristics, as defined below: - ${e://Field/Q3} - Feasibility

An AI can feasibly act on the principle in a real-world context.","2. Please indicate the extent to which you agree that the principle exhibits the following characteristics, as defined below: - ${e://Field/Q3} - Constancy

The principle is designed to be relevant and stable across time.","2. Please indicate the extent to which you agree that the principle exhibits the following characteristics, as defined below: - ${e://Field/Q3} - Faithfulness

The principle resists being distorted, co-opted, or warped in ways antithetical to its original intent.",1. Please indicate the extent to which you agree with the following statements about the principle under consideration. - ${e://Field/Q4} - I personally agree with this principle.,1. Please indicate the extent to which you agree with the following statements about the principle under consideration. - ${e://Field/Q4} - I believe this principle would be appropriate for governing AI behavior,"2. Please indicate the extent to which you agree that the principle exhibits the following characteristics, as defined below: - ${e://Field/Q4} - Moral Grounding

The extent to which the principle is informed by ethical rigor.","2. Please indicate the extent to which you agree that the principle exhibits the following characteristics, as defined below: - ${e://Field/Q4} - Fairness

The principle treats all affected parties equally and without bias.","2. Please indicate the extent to which you agree that the principle exhibits the following characteristics, as defined below: - ${e://Field/Q4} - Generality

The principle is broadly applicable across different contexts.","2. Please indicate the extent to which you agree that the principle exhibits the following characteristics, as defined below: - ${e://Field/Q4} - Clarity

The wording and intent of the principle are interpretable and unambiguous.","2. Please indicate the extent to which you agree that the principle exhibits the following characteristics, as defined below: - ${e://Field/Q4} - Feasibility

An AI can feasibly act on the principle in a real-world context.","2. Please indicate the extent to which you agree that the principle exhibits the following characteristics, as defined below: - ${e://Field/Q4} - Constancy

The principle is designed to be relevant and stable across time.","2. Please indicate the extent to which you agree that the principle exhibits the following characteristics, as defined below: - ${e://Field/Q4} - Faithfulness

The principle resists being distorted, co-opted, or warped in ways antithetical to its original intent.",1. Please indicate the extent to which you agree with the following statements about the principle under consideration. - ${e://Field/Q5} - I personally agree with this principle.,1. Please indicate the extent to which you agree with the following statements about the principle under consideration. - ${e://Field/Q5} - I believe this principle would be appropriate for governing AI behavior,"2. Please indicate the extent to which you agree that the principle exhibits the following characteristics, as defined below: - ${e://Field/Q5} - Moral Grounding

The extent to which the principle is informed by ethical rigor.","2. Please indicate the extent to which you agree that the principle exhibits the following characteristics, as defined below: - ${e://Field/Q5} - Fairness

The principle treats all affected parties equally and without bias.","2. Please indicate the extent to which you agree that the principle exhibits the following characteristics, as defined below: - ${e://Field/Q5} - Generality

The principle is broadly applicable across different contexts.","2. Please indicate the extent to which you agree that the principle exhibits the following characteristics, as defined below: - ${e://Field/Q5} - Clarity

The wording and intent of the principle are interpretable and unambiguous.","2. Please indicate the extent to which you agree that the principle exhibits the following characteristics, as defined below: - ${e://Field/Q5} - Feasibility

An AI can feasibly act on the principle in a real-world context.","2. Please indicate the extent to which you agree that the principle exhibits the following characteristics, as defined below: - ${e://Field/Q5} - Constancy

The principle is designed to be relevant and stable across time.","2. Please indicate the extent to which you agree that the principle exhibits the following characteristics, as defined below: - ${e://Field/Q5} - Faithfulness

The principle resists being distorted, co-opted, or warped in ways antithetical to its original intent.",1. Please indicate the extent to which you agree with the following statements about the principle under consideration. - ${e://Field/Q6} - I personally agree with this principle.,1. Please indicate the extent to which you agree with the following statements about the principle under consideration. - ${e://Field/Q6} - I believe this principle would be appropriate for governing AI behavior,"2. Please indicate the extent to which you agree that the principle exhibits the following characteristics, as defined below: - ${e://Field/Q6} - Moral Grounding

The extent to which the principle is informed by ethical rigor.","2. Please indicate the extent to which you agree that the principle exhibits the following characteristics, as defined below: - ${e://Field/Q6} - Fairness

The principle treats all affected parties equally and without bias.","2. Please indicate the extent to which you agree that the principle exhibits the following characteristics, as defined below: - ${e://Field/Q6} - Generality

The principle is broadly applicable across different contexts.","2. Please indicate the extent to which you agree that the principle exhibits the following characteristics, as defined below: - ${e://Field/Q6} - Clarity

The wording and intent of the principle are interpretable and unambiguous.","2. Please indicate the extent to which you agree that the principle exhibits the following characteristics, as defined below: - ${e://Field/Q6} - Feasibility

An AI can feasibly act on the principle in a real-world context.","2. Please indicate the extent to which you agree that the principle exhibits the following characteristics, as defined below: - ${e://Field/Q6} - Constancy

The principle is designed to be relevant and stable across time.","2. Please indicate the extent to which you agree that the principle exhibits the following characteristics, as defined below: - ${e://Field/Q6} - Faithfulness

The principle resists being distorted, co-opted, or warped in ways antithetical to its original intent.",1. Please indicate the extent to which you agree with the following statements about the principle under consideration. - I personally agree with this principle.,1. Please indicate the extent to which you agree with the following statements about the principle under consideration. - I believe this principle would be appropriate for governing AI behavior,"2. Please indicate the extent to which you agree that the principle exhibits the following characteristics, as defined below: - Moral Grounding

The extent to which the principle is informed by ethical rigor.","2. Please indicate the extent to which you agree that the principle exhibits the following characteristics, as defined below: - Fairness

The principle treats all affected parties equally and without bias.","2. Please indicate the extent to which you agree that the principle exhibits the following characteristics, as defined below: - Generality

The principle is broadly applicable across different contexts.","2. Please indicate the extent to which you agree that the principle exhibits the following characteristics, as defined below: - Clarity

The wording and intent of the principle are interpretable and unambiguous.","2. Please indicate the extent to which you agree that the principle exhibits the following characteristics, as defined below: - Feasibility

An AI can feasibly act on the principle in a real-world context.","2. Please indicate the extent to which you agree that the principle exhibits the following characteristics, as defined below: - Constancy

The principle is designed to be relevant and stable across time.","2. Please indicate the extent to which you agree that the principle exhibits the following characteristics, as defined below: - Faithfulness

The principle resists being distorted, co-opted, or warped in ways antithetical to its original intent.",PROLIFIC_PID,Version,Const_Order,Create New Field or Choose From Dropdown...,RESP_P1,RESP_P2,RESP_P3,RESP_P4,RESP_P5,RESP_P6,RESP_P7,RESP_P8,RESP_P9,RESP_P10
"{""ImportId"":""startDate"",""timeZone"":""America/Denver""}","{""ImportId"":""endDate"",""timeZone"":""America/Denver""}","{""ImportId"":""status""}","{""ImportId"":""ipAddress""}","{""ImportId"":""progress""}","{""ImportId"":""duration""}","{""ImportId"":""finished""}","{""ImportId"":""recordedDate"",""timeZone"":""America/Denver""}","{""ImportId"":""_recordId""}","{""ImportId"":""recipientLastName""}","{""ImportId"":""recipientFirstName""}","{""ImportId"":""recipientEmail""}","{""ImportId"":""externalDataReference""}","{""ImportId"":""locationLatitude""}","{""ImportId"":""locationLongitude""}","{""ImportId"":""distributionChannel""}","{""ImportId"":""userLanguage""}","{""ImportId"":""Q_RecaptchaScore""}","{""ImportId"":""QID3""}","{""ImportId"":""QID1_TEXT""}","{""ImportId"":""QID44""}","{""ImportId"":""QID26_TEXT""}","{""ImportId"":""QID45""}","{""ImportId"":""QID46_TEXT""}","{""ImportId"":""QID25_1""}","{""ImportId"":""QID25_2""}","{""ImportId"":""QID25_3""}","{""ImportId"":""QID61""}","{""ImportId"":""QID62""}","{""ImportId"":""QID62_7_TEXT""}","{""ImportId"":""QID63""}","{""ImportId"":""QID63_7_TEXT""}","{""ImportId"":""QID64""}","{""ImportId"":""QID53""}","{""ImportId"":""QID54_TEXT""}","{""ImportId"":""QID56""}","{""ImportId"":""QID57_TEXT""}","{""ImportId"":""QID59_1""}","{""ImportId"":""QID59_2""}","{""ImportId"":""QID59_3""}","{""ImportId"":""2_QID7_1""}","{""ImportId"":""2_QID7_2""}","{""ImportId"":""2_QID16_1""}","{""ImportId"":""2_QID16_2""}","{""ImportId"":""2_QID16_3""}","{""ImportId"":""2_QID16_4""}","{""ImportId"":""2_QID16_5""}","{""ImportId"":""2_QID16_6""}","{""ImportId"":""2_QID16_7""}","{""ImportId"":""3_QID7_1""}","{""ImportId"":""3_QID7_2""}","{""ImportId"":""3_QID16_1""}","{""ImportId"":""3_QID16_2""}","{""ImportId"":""3_QID16_3""}","{""ImportId"":""3_QID16_4""}","{""ImportId"":""3_QID16_5""}","{""ImportId"":""3_QID16_6""}","{""ImportId"":""3_QID16_7""}","{""ImportId"":""4_QID7_1""}","{""ImportId"":""4_QID7_2""}","{""ImportId"":""4_QID16_1""}","{""ImportId"":""4_QID16_2""}","{""ImportId"":""4_QID16_3""}","{""ImportId"":""4_QID16_4""}","{""ImportId"":""4_QID16_5""}","{""ImportId"":""4_QID16_6""}","{""ImportId"":""4_QID16_7""}","{""ImportId"":""5_QID7_1""}","{""ImportId"":""5_QID7_2""}","{""ImportId"":""5_QID16_1""}","{""ImportId"":""5_QID16_2""}","{""ImportId"":""5_QID16_3""}","{""ImportId"":""5_QID16_4""}","{""ImportId"":""5_QID16_5""}","{""ImportId"":""5_QID16_6""}","{""ImportId"":""5_QID16_7""}","{""ImportId"":""6_QID7_1""}","{""ImportId"":""6_QID7_2""}","{""ImportId"":""6_QID16_1""}","{""ImportId"":""6_QID16_2""}","{""ImportId"":""6_QID16_3""}","{""ImportId"":""6_QID16_4""}","{""ImportId"":""6_QID16_5""}","{""ImportId"":""6_QID16_6""}","{""ImportId"":""6_QID16_7""}","{""ImportId"":""7_QID7_1""}","{""ImportId"":""7_QID7_2""}","{""ImportId"":""7_QID16_1""}","{""ImportId"":""7_QID16_2""}","{""ImportId"":""7_QID16_3""}","{""ImportId"":""7_QID16_4""}","{""ImportId"":""7_QID16_5""}","{""ImportId"":""7_QID16_6""}","{""ImportId"":""7_QID16_7""}","{""ImportId"":""QID67_1""}","{""ImportId"":""QID67_2""}","{""ImportId"":""QID68_1""}","{""ImportId"":""QID68_2""}","{""ImportId"":""QID68_3""}","{""ImportId"":""QID68_4""}","{""ImportId"":""QID68_5""}","{""ImportId"":""QID68_6""}","{""ImportId"":""QID68_7""}","{""ImportId"":""PROLIFIC_PID""}","{""ImportId"":""Version""}","{""ImportId"":""Const_Order""}","{""ImportId"":""Create New Field or Choose From Dropdown...""}","{""ImportId"":""RESP_P1""}","{""ImportId"":""RESP_P2""}","{""ImportId"":""RESP_P3""}","{""ImportId"":""RESP_P4""}","{""ImportId"":""RESP_P5""}","{""ImportId"":""RESP_P6""}","{""ImportId"":""RESP_P7""}","{""ImportId"":""RESP_P8""}","{""ImportId"":""RESP_P9""}","{""ImportId"":""RESP_P10""}"
1/4/2026 12:28,1/4/2026 12:29,1,,100,43,1,1/4/2026 12:29,R_5zw18690R0Izmds,,,,,40.0732,-82.4017,preview,EN,1,"1,2",m,3,m,4,m,3,3,3,9,9,,5,,6,,,,,,,,,,,,,,,,,,,,,,,,,,,,,,,,,,,,,,,,,,,,,,,,,,,,,,,,,,,,,,,,,,,,,,,,Constitution,B_Ours,,,,,,,,,,,
1/4/2026 12:31,1/4/2026 12:36,0,104.4.13.203,100,271,1,1/4/2026 12:36,R_6MizwGV0dqDCwrv,,,,,35.2338,-97.4095,anonymous,EN,1,"1,2",69436667549a131f7f22b074,,,,,,,,7,4,,6,,10,5,"Constituion A revolves more around high levels of intelligence, factual accuracy, and fewer hallucinations. I use AI to aid me in my field of machine learning, so high intelligence and accuracy is paramount",5,"Constituion A also mentions upholding ethical standards, I think when using AI as a governing source the ethical standards begin to matter much more. B does not mention anything about ethics which is why I choose A",5,2,3,,,,,,,,,,,,,,,,,,,,,,,,,,,,,,,,,,,,,,,,,,,,,,,,,,,,,,,,,,,,,,,,69436667549a131f7f22b074,Constitution,A_Ours,,,,,,,,,,,
1/4/2026 12:32,1/4/2026 12:37,0,68.229.213.69,100,286,1,1/4/2026 12:37,R_5qhcj1eXmGDQTFT,,,,,35.5637,-97.6408,anonymous,EN,1,"1,2",65fb580ab7fbb2d518ee8eaa,5,I think B is more thorough. I would trust it more due to the effort put into providing the answer.,1,"Due to the fact that I want direct answers on this topic, A would be more desirable. ",3,2,4,10,5,,"1,3,6",,8,,,,,,,,,,,,,,,,,,,,,,,,,,,,,,,,,,,,,,,,,,,,,,,,,,,,,,,,,,,,,,,,,,,,,,,65fb580ab7fbb2d518ee8eaa,Constitution,B_Ours,,,,,,,,,,,
1/4/2026 12:30,1/4/2026 12:37,0,68.114.70.102,100,417,1,1/4/2026 12:37,R_32Ly1Ul0cgm5kvl,,,,,44.6913,-73.4648,anonymous,EN,1,"1,2",615e4e76151c3bb90b6bd868,,,,,,,,10,4,,6,,7,,,,,,,,5,5,5,5,5,5,5,5,5,5,5,5,5,4,5,4,4,4,5,5,4,4,5,5,5,5,5,5,5,3,3,5,5,4,4,5,5,5,4,4,5,5,5,5,5,4,4,3,3,4,3,2,3,2,1,1,1,1,1,1,1,1,1,615e4e76151c3bb90b6bd868,Principle,,,P11,P15,P08,P06,P05,P17,,,,
1/4/2026 12:32,1/4/2026 12:38,0,47.158.99.87,100,327,1,1/4/2026 12:38,R_51hlM7K9vck2com,,,,,33.7209,-116.2172,anonymous,EN,1,"1,2",694587bf33d102941b804de3,,,,,,,,11,5,,6,,8,2,I like option B because it is more to the point.  The objectives are short and easy to understand.,4,I prefer option A for the population.  I like how it addresses that it will not provide false or harmful information to anyone.,4,3,2,,,,,,,,,,,,,,,,,,,,,,,,,,,,,,,,,,,,,,,,,,,,,,,,,,,,,,,,,,,,,,,,694587bf33d102941b804de3,Constitution,A_Ours,,,,,,,,,,,
1/4/2026 12:34,1/4/2026 12:38,0,152.86.224.28,100,235,1,1/4/2026 12:38,R_3JKp7qoqYgi4ZIM,,,,,36.4278,-89.0653,anonymous,EN,1,"1,2",67203bff74dea717e8b9e1ea,,,,,,,,9,4,,6,,10,,,,,,,,2,2,2,3,3,3,3,3,2,5,5,4,5,5,5,4,5,5,5,4,5,4,4,5,4,4,4,4,4,4,4,5,4,3,4,4,5,5,4,5,4,4,4,4,4,2,2,4,4,4,3,4,5,4,1,1,1,1,1,1,1,1,1,67203bff74dea717e8b9e1ea,Principle,,,P12,P03,P05,P15,P01,P16,,,,
1/4/2026 12:30,1/4/2026 12:43,0,24.44.210.159,100,757,1,1/4/2026 12:43,R_1kOyRZIVSpFmDdN,,,,,40.9817,-74.1101,anonymous,EN,1,"1,2",62cd9b920ed1b7c1648818d3,,,,,,,,12,5,,6,,13,,,,,,,,4,4,5,5,4,2,4,4,2,4,5,4,4,4,2,4,4,3,4,4,4,5,5,2,4,5,2,5,4,5,5,5,2,4,4,2,4,2,4,4,4,2,4,4,2,4,4,5,5,4,2,4,4,2,1,1,1,1,1,1,1,1,1,62cd9b920ed1b7c1648818d3,Principle,,,P12,P01,P11,P15,P05,P08,,,,
1/4/2026 12:32,1/4/2026 12:45,0,73.8.207.168,100,778,1,1/4/2026 12:45,R_6RyevjAF3JobiYQ,,,,,41.8486,-87.6288,anonymous,EN,1,"1,2",665b7b047373d8da553237a6,,,,,,,,8,4,,2,,10,,,,,,,,5,5,5,5,4,5,4,5,5,4,4,4,3,4,5,5,4,4,5,5,5,5,4,5,4,4,4,5,5,5,5,5,5,4,5,5,4,4,4,4,3,4,4,4,4,4,4,4,4,3,4,4,4,3,1,1,1,1,1,1,1,1,1,665b7b047373d8da553237a6,Principle,,,P10,P11,P09,P04,P19,P18,,,,
1/4/2026 12:34,1/4/2026 12:45,0,75.248.192.9,100,706,1,1/4/2026 12:45,R_7ZEwko2fSkup9bH,,,,,39.1638,-84.4517,anonymous,EN,1,"1,2",666b254d9bc6d71a71b89cee,,,,,,,,10,5,,6,,10,5,It reads more professionally. It also is more thorough and expands on each point.,5,Each topic is explained in more detail. It also makes each topic easier to understand.,4,2,5,,,,,,,,,,,,,,,,,,,,,,,,,,,,,,,,,,,,,,,,,,,,,,,,,,,,,,,,,,,,,,,,666b254d9bc6d71a71b89cee,Constitution,A_Ours,,,,,,,,,,,
1/4/2026 12:42,1/4/2026 12:47,0,73.214.102.119,100,260,1,1/4/2026 12:47,R_1R2O1Zrsqnvc5ac,,,,,40.4994,-80.196,anonymous,EN,1,"1,2",61008b27700cd8ceddeb9ebb,,,,,,,,8,5,,6,,9,,,,,,,,4,4,3,4,4,4,4,4,4,3,3,3,4,4,4,4,4,4,4,4,3,4,4,2,3,4,4,3,3,3,3,4,4,4,4,4,4,4,4,4,4,4,4,4,4,4,4,3,4,4,5,4,4,4,1,1,1,1,1,1,1,1,1,61008b27700cd8ceddeb9ebb,Principle,,,P18,P02,P09,P06,P12,P14,,,,
1/4/2026 12:39,1/4/2026 12:48,0,73.101.108.201,100,535,1,1/4/2026 12:48,R_1nei7rcbvhKg06a,,,,,40.7782,-77.7855,anonymous,EN,1,"1,2",5bcbaa10b9ce3200017738ee,,,,,,,,11,4,,6,,5,,,,,,,,4,5,5,4,5,2,3,4,4,5,5,2,4,5,2,4,4,5,5,5,5,5,5,5,4,4,2,4,4,1,4,5,1,4,4,5,5,5,4,5,5,4,5,6,3,3,4,3,5,5,5,5,5,5,1,1,1,1,1,1,1,1,1,5bcbaa10b9ce3200017738ee,Principle,,,P20,P17,P08,P11,P03,P01,,,,
1/4/2026 12:39,1/4/2026 12:52,0,172.58.1.0,100,737,1,1/4/2026 12:52,R_7er93JqC2jounEV,,,,,33.8212,-84.3578,anonymous,EN,1,"1,2",667d81a95170bdd075f74203,,,,,,,,10,5,,3,,11,2,My use of AI is very basic and I prefer a straight forward response over the extra content or engagement that has no impact on my request. ,2,I prefer a direct and straight forward response that is as condensed and streamlined as possible. ,3,3,3,,,,,,,,,,,,,,,,,,,,,,,,,,,,,,,,,,,,,,,,,,,,,,,,,,,,,,,,,,,,,,,,667d81a95170bdd075f74203,Constitution,A_Ours,,,,,,,,,,,
1/4/2026 12:47,1/4/2026 12:54,0,98.35.27.48,100,425,1,1/4/2026 12:54,R_1vr6H31vPfvDTnb,,,,,36.9689,-121.9903,anonymous,EN,1,"1,2",64309be1d7d085ed8ee4c129,1,"Constitution A is more concise, simple, and easier to understand.",1,"Constitution A is more concise, simple, and easier to understand.",2,2,2,8,4,,4,,10,,,,,,,,,,,,,,,,,,,,,,,,,,,,,,,,,,,,,,,,,,,,,,,,,,,,,,,,,,,,,,,,,,,,,,,64309be1d7d085ed8ee4c129,Constitution,B_Ours,,,,,,,,,,,
1/4/2026 12:55,1/4/2026 13:00,0,73.54.66.199,100,287,1,1/4/2026 13:00,R_6f0yFzlLaiZMPWm,,,,,26.6909,-81.9483,anonymous,EN,1,"1,2",662190146ef67bab626e48cb,,,,,,,,10,4,,6,,8,,,,,,,,5,5,5,5,4,5,5,5,5,5,5,5,5,4,5,5,5,5,5,5,5,5,4,5,4,5,5,5,5,5,5,4,5,5,5,5,5,5,5,5,4,5,5,5,5,5,5,5,5,3,5,5,5,5,1,1,1,1,1,1,1,1,1,662190146ef67bab626e48cb,Principle,,,P17,P15,P16,P02,P05,P03,,,,
1/4/2026 12:32,1/4/2026 13:01,0,68.129.211.76,100,1729,1,1/4/2026 13:01,R_65GceZdUXtODtxV,,,,,40.9285,-73.8282,anonymous,EN,1,"1,2",647dde92d730823a9e5c7f0f,,,,,,,,11,5,,"3,6",,10,,,,,,,,3,3,3,4,3,2,2,3,3,4,3,2,3,4,2,2,2,2,3,3,3,3,1,1,1,3,3,4,4,3,3,4,3,3,3,2,4,4,2,2,4,4,4,4,4,4,4,3,4,3,2,3,3,2,1,1,1,1,1,1,1,1,1,647dde92d730823a9e5c7f0f,Principle,,,P12,P16,P15,P08,P04,P09,,,,
1/4/2026 12:59,1/4/2026 13:08,0,75.176.4.225,100,509,1,1/4/2026 13:08,R_3MR1Db79ygXHGau,,,,,35.2842,-80.8719,anonymous,EN,1,"1,2",65c12aec64a50727ccd1ac6e,,,,,,,,9,5,,3,,10,4,"I think that Constitution B consists of standard requirements for conversational AI. However, Constitution A requires conversational AI to go above and beyond, causing the conversational AI to provide excellent responses.",4,Constitution A listed higher standards for governing AI behavior.,4,3,3,,,,,,,,,,,,,,,,,,,,,,,,,,,,,,,,,,,,,,,,,,,,,,,,,,,,,,,,,,,,,,,,65c12aec64a50727ccd1ac6e,Constitution,A_Ours,,,,,,,,,,,
1/4/2026 13:02,1/4/2026 13:09,0,152.86.166.67,100,394,1,1/4/2026 13:09,R_1NUinxcC98a45qw,,,,,36.1041,-89.2492,anonymous,EN,1,"1,2",60fcdf04d033481fde0e2298,,,,,,,,8,5,,6,,11,,,,,,,,5,5,5,5,5,2,4,5,5,5,5,5,5,4,4,4,5,3,5,5,3,4,5,2,2,4,3,4,4,3,2,5,1,3,2,2,5,5,4,5,5,4,5,3,3,5,5,1,5,5,5,5,5,5,1,1,1,1,1,1,1,1,1,60fcdf04d033481fde0e2298,Principle,,,P07,P17,P09,P18,P08,P11,,,,
1/4/2026 13:02,1/4/2026 13:09,0,68.197.123.136,100,404,1,1/4/2026 13:09,R_7I5UVqfmEX0fcxX,,,,,40.8463,-72.803,anonymous,EN,1,"1,2",633dbb46887d82536a9ee265,,,,,,,,10,4,,6,,7,,,,,,,,5,5,4,4,5,5,5,5,4,5,5,4,4,5,5,5,5,4,5,5,5,5,5,5,5,5,5,5,5,4,4,5,5,5,5,4,5,5,5,5,5,5,5,5,5,5,5,4,5,5,5,5,5,5,1,1,1,1,1,1,1,1,1,633dbb46887d82536a9ee265,Principle,,,P02,P17,P10,P13,P08,P14,,,,
1/4/2026 13:15,1/4/2026 13:23,0,136.244.46.228,100,471,1,1/4/2026 13:23,R_6NlYuRRJSh82gsy,,,,,30.0035,-95.2832,anonymous,EN,1,"1,2",6941901cb6f5559514afe451,5,I do not want misinformation or simplified answer.,2,I think some users would find the language in Constitution B harder to follow.,4,3,4,8,5,,4,,10,,,,,,,,,,,,,,,,,,,,,,,,,,,,,,,,,,,,,,,,,,,,,,,,,,,,,,,,,,,,,,,,,,,,,,,6941901cb6f5559514afe451,Constitution,B_Ours,,,,,,,,,,,
1/4/2026 12:35,1/4/2026 13:26,0,75.187.87.254,100,3096,1,1/4/2026 13:26,R_1aQgmcTOVMHeXBo,,,,,41.1625,-83.4156,anonymous,EN,1,"1,2",6646d66dff946ef256719adf,,,,,,,,10,5,,6,,11,4,"I just feel I like the way Constitution A is worded (balanced, friendly, respectful, versatile), while I do like B's almost as much (direct, focused, detailed, polite).  I am drawn more to A.",4,"The presentation of Constitution A is geared toward being ethical and not being biased.  The less subjective, the better. ",4,4,3,,,,,,,,,,,,,,,,,,,,,,,,,,,,,,,,,,,,,,,,,,,,,,,,,,,,,,,,,,,,,,,,6646d66dff946ef256719adf,Constitution,A_Ours,,,,,,,,,,,
1/4/2026 14:15,1/4/2026 14:23,0,107.146.116.206,100,448,1,1/4/2026 14:23,R_5bvtIJMTB1waIvf,,,,,29.2866,-81.0869,anonymous,EN,1,"1,2",62e19208352cd518d7b2f085,,,,,,,,9,4,,6,,5,,,,,,,,5,5,3,3,5,4,5,5,3,5,5,5,5,5,5,5,5,5,5,5,3,3,5,4,4,4,3,5,5,4,4,5,5,5,5,5,5,5,3,3,5,4,4,4,3,5,5,3,3,5,4,5,5,3,1,1,1,1,1,1,1,1,1,62e19208352cd518d7b2f085,Principle,,,P11,P10,P04,P06,P13,P20,,,,
12/29/2025 10:02,12/29/2025 10:03,0,162.244.72.194,88,54,0,1/5/2026 10:03,R_5EmVJDPLDmxnIIN,,,,,39.0343,-90.1372,anonymous,EN,1,"1,2",5de56b9deda9320ecb83f522,,,,,,,,,,,,,,,,,,,,,,,,,,,,,,5,5,5,5,5,5,5,5,5,,,,,,,,,,,,,,,,,,,,,,,,,,,,,,,,,,,,,,,,,,,,,,5de56b9deda9320ecb83f522,Principle,,,P02,,,,,,,,,
12/29/2025 10:40,12/29/2025 10:41,0,174.21.157.219,58,77,0,1/5/2026 10:41,R_7D0boSMfkLdVaJe,,,,,47.6137,-122.3104,anonymous,EN,1,"1,2",669a8660d4a57296b3d666e1,,,,,,,,,,,,,,,,,,,,,,,,,,,,,,,,,,,,,,,,,,,,,,,,,,,,,,,,,,,,,,,,,,,,,,,,,,,,,,,,,,,,669a8660d4a57296b3d666e1,Constitution,A_Ours,,,,,,,,,,,
12/29/2025 11:27,12/29/2025 11:30,0,99.66.101.63,89,145,0,1/5/2026 11:30,R_7gqSkqewZINCB1v,,,,,40.7418,-74.2236,anonymous,EN,1,"1,2",61719bfec06e3136189edb55,,,,,,,,,,,,,,,,,,,,,5,5,5,5,5,5,5,5,5,,,,,,,,,,,,,,,,,,,5,5,5,5,5,5,5,5,5,5,5,5,5,5,5,5,5,5,,,,,,,,,,,,,,,,,,,61719bfec06e3136189edb55,Principle,,,P14,P07,P18,,,,,,,
1/5/2026 15:59,1/5/2026 16:02,0,173.69.176.214,100,177,1,1/5/2026 16:02,R_70aPSMW2NvLLulH,,,,,39.2126,-76.7136,anonymous,EN,1,"1,2",6101f89f6c68866b1fcb47d0,,,,,,,,8,5,,6,,10,4,"I like that A says the AI will avoid false and harmful information to anyone. But I don't prefer it strongly because I doubt that this can be achieved well. What is considered ""false"" and ""harmful"" is different for every person alive. Boiling it down to what the masses considers these things will not please everyone. I also don't think AI can act without bias because it's creators are biased and it's trained off of human data, which is biased.",4,At least A is trying to combat false info,5,4,3,,,,,,,,,,,,,,,,,,,,,,,,,,,,,,,,,,,,,,,,,,,,,,,,,,,,,,,,,,,,,,,,6101f89f6c68866b1fcb47d0,Constitution,A_Ours,,,,,,,,,,,
1/5/2026 15:59,1/5/2026 16:02,0,67.184.50.166,100,186,1,1/5/2026 16:02,R_7ekP2HeKLYe9JpG,,,,,41.6227,-86.2452,anonymous,EN,1,"1,2",597fe89a1b41a20001749f57,,,,,,,,10,5,,6,,11,,,,,,,,4,4,5,5,4,4,4,5,5,5,5,4,5,5,5,4,5,4,5,5,4,4,5,5,5,5,5,5,5,4,4,5,5,4,4,4,4,4,4,4,5,5,4,5,5,5,5,5,5,5,5,4,5,5,1,1,1,1,1,1,1,1,1,597fe89a1b41a20001749f57,Principle,,,P19,P10,P16,P01,P02,P17,,,,
1/5/2026 15:57,1/5/2026 16:03,0,172.56.86.250,100,365,1,1/5/2026 16:03,R_7uR4YJQZJsnqcv9,,,,,33.4602,-112.1334,anonymous,EN,1,"1,2",5da640b9640c5d00133f384b,5,Only Constitution B declared an intent to offer factual and accurate information.,5,The US population is in great need of accurate facts and avoidance of misinformation.,5,5,5,9,4,,"4,6",,8,,,,,,,,,,,,,,,,,,,,,,,,,,,,,,,,,,,,,,,,,,,,,,,,,,,,,,,,,,,,,,,,,,,,,,,5da640b9640c5d00133f384b,Constitution,B_Ours,,,,,,,,,,,
1/5/2026 15:59,1/5/2026 16:03,0,71.211.145.63,100,250,1,1/5/2026 16:03,R_3HEB3GkFU1YzsFH,,,,,39.7593,-104.9651,anonymous,EN,1,"1,2",5b06efd1732c5d000154de23,,,,,,,,11,5,,6,,10,5,"The detailed descriptions in Constitution A were major factors in my decision, especially item #4 regarding providing detailed instructions.",5,Item #10 was a major factor regarding respectful interactions which we certainly do not have currently.,5,5,5,,,,,,,,,,,,,,,,,,,,,,,,,,,,,,,,,,,,,,,,,,,,,,,,,,,,,,,,,,,,,,,,5b06efd1732c5d000154de23,Constitution,A_Ours,,,,,,,,,,,
1/5/2026 15:59,1/5/2026 16:04,0,97.232.150.29,100,260,1,1/5/2026 16:04,R_6Y52aRIZ5hB9W49,,,,,35.42,-97.5561,anonymous,EN,1,"1,2",66293da691cec8862619b1dc,,,,,,,,10,5,,6,,10,4,The instructions for B seemed a bit colder to me.,4,I think A is more clear and more personal.,4,3,3,,,,,,,,,,,,,,,,,,,,,,,,,,,,,,,,,,,,,,,,,,,,,,,,,,,,,,,,,,,,,,,,66293da691cec8862619b1dc,Constitution,A_Ours,,,,,,,,,,,
1/5/2026 16:02,1/5/2026 16:06,0,76.33.100.149,100,229,1,1/5/2026 16:06,R_5q9kgDzwgWVuSlj,,,,,33.7873,-117.9231,anonymous,EN,1,"1,2",66b01097e95b0626c2cd7b5c,,,,,,,,8,4,,4,,11,,,,,,,,5,5,5,5,5,4,4,4,5,2,1,2,2,5,1,4,4,1,5,5,5,5,4,5,4,5,5,4,2,2,2,4,1,2,4,2,4,4,4,3,5,4,5,5,4,5,4,5,5,4,3,3,4,4,1,1,1,1,1,1,1,1,1,66b01097e95b0626c2cd7b5c,Principle,,,P11,P02,P06,P17,P16,P09,,,,
1/5/2026 16:01,1/5/2026 16:06,0,98.54.202.202,100,248,1,1/5/2026 16:06,R_5L61V1Wtz8tbOkV,,,,,35.0848,-89.8014,anonymous,EN,1,"1,2",63bed6e176fba857a47fbaff,,,,,,,,11,5,,3,,7,,,,,,,,5,5,5,5,5,5,5,5,5,5,5,5,5,5,5,5,5,5,5,5,5,5,5,5,5,5,5,5,5,5,5,5,5,5,5,5,5,5,5,5,5,5,5,5,5,5,5,5,5,5,5,5,5,5,1,1,1,1,1,1,1,1,1,63bed6e176fba857a47fbaff,Principle,,,P18,P04,P01,P06,P11,P14,,,,
1/5/2026 15:59,1/5/2026 16:06,0,47.195.106.90,100,419,1,1/5/2026 16:06,R_1la7J4Y25JneVhX,,,,,27.4067,-82.5314,anonymous,EN,1,"1,2",5d55d43e25dd4c00174122dc,,,,,,,,10,4,,6,,5,,,,,,,,3,3,3,3,4,3,3,3,3,4,4,2,3,4,4,4,4,3,3,3,4,4,4,3,3,3,3,4,4,3,3,4,4,4,4,3,3,3,3,3,4,4,3,3,3,5,5,3,3,5,4,4,4,3,1,1,1,1,1,1,1,1,1,5d55d43e25dd4c00174122dc,Principle,,,P20,P04,P09,P11,P01,P14,,,,
1/5/2026 16:03,1/5/2026 16:06,0,66.234.196.242,100,223,1,1/5/2026 16:06,R_11d2t1JeDGEFlx4,,,,,37.8753,-122.0707,anonymous,EN,1,"1,2",676f2ff678d74407b518207d,,,,,,,,9,4,,2,,11,,,,,,,,4,4,1,4,2,4,5,5,5,4,4,1,1,5,3,5,4,4,3,2,1,3,3,1,3,2,3,4,4,2,4,5,4,4,5,5,4,4,1,4,5,3,4,4,4,4,4,4,3,5,1,3,4,4,1,1,1,1,1,1,1,1,1,676f2ff678d74407b518207d,Principle,,,P20,P10,P06,P16,P01,P14,,,,
1/5/2026 16:04,1/5/2026 16:07,0,73.105.90.135,100,197,1,1/5/2026 16:07,R_3Oko3DR6E3Mf8pQ,,,,,30.1926,-81.6036,anonymous,EN,1,"1,2",55d233315bc5bc0005d90352,,,,,,,,8,4,,"5,6",,8,,,,,,,,5,5,4,4,4,4,4,4,4,3,3,3,3,3,3,3,3,3,5,5,5,4,5,5,5,5,5,4,4,4,4,4,4,4,5,4,5,5,4,4,4,4,4,4,4,5,5,3,3,3,3,3,3,3,1,1,1,1,1,1,1,1,1,55d233315bc5bc0005d90352,Principle,,,P12,P04,P09,P05,P13,P14,,,,
1/5/2026 16:04,1/5/2026 16:08,0,23.127.15.71,100,241,1,1/5/2026 16:08,R_7CBBAx7GTE3OrDi,,,,,30.6475,-95.5793,anonymous,EN,1,"1,2",65978a6c375b6513561ed3fa,,,,,,,,9,5,,3,,9,,,,,,,,5,5,4,4,5,5,4,4,4,5,5,5,5,5,5,5,5,5,5,5,5,5,5,5,5,5,5,4,4,4,2,5,4,4,2,2,5,5,5,5,2,5,5,5,5,5,5,5,5,5,5,5,5,5,1,1,1,1,1,1,1,1,1,65978a6c375b6513561ed3fa,Principle,,,P02,P20,P04,P11,P03,P14,,,,
1/5/2026 15:59,1/5/2026 16:09,0,75.115.192.179,100,589,1,1/5/2026 16:09,R_6Wo0b77npruAY6d,,,,,28.8525,-82.4858,anonymous,EN,1,"1,2",5a4bf09053a4560001ba0ebf,4,"Constitution B seemed to be more focused on unbiased accuracy, which I think is really important from an AI since my primary purpose is often seeking information. But I also like that it emphasizes friendliness, to make the content feel more conversational and engaging.",5,"For the broader population, I think the most important thing is that an AI is unbiased and avoids misinformation or spreading anything that could be considered harmful. Constitution B seems more focused on these facets.",5,4,3,9,4,,6,,8,,,,,,,,,,,,,,,,,,,,,,,,,,,,,,,,,,,,,,,,,,,,,,,,,,,,,,,,,,,,,,,,,,,,,,,5a4bf09053a4560001ba0ebf,Constitution,B_Ours,,,,,,,,,,,
1/5/2026 16:04,1/5/2026 16:10,0,172.56.78.246,100,378,1,1/5/2026 16:10,R_7qao5TSO0Zxbv5a,,,,,28.5436,-81.3738,anonymous,EN,1,"1,2",674f97fef70c3dd15d138c3e,,,,,,,,9,4,,6,,11,2,"I like that option B is more straight to the point. I don't need chatgpt to be friendly or ""kind."" A lot of time I feel like I request things from Chatgpt and they spin it to a therapy session.",4,I suppose its important to uphold some type of ethical standard if this is for the wide population.,5,2,6,,,,,,,,,,,,,,,,,,,,,,,,,,,,,,,,,,,,,,,,,,,,,,,,,,,,,,,,,,,,,,,,674f97fef70c3dd15d138c3e,Constitution,A_Ours,,,,,,,,,,,
1/5/2026 16:05,1/5/2026 16:11,0,172.58.149.197,100,319,1,1/5/2026 16:11,R_6ByDS4nSYNI2nzH,,,,,36.1671,-86.7861,anonymous,EN,1,"1,2",633f4f203450d46b01e3d16b,,,,,,,,9,4,,6,,9,,,,,,,,5,5,5,4,4,5,4,4,5,5,5,1,4,2,4,4,4,4,4,4,4,2,4,4,5,4,4,5,5,1,5,4,5,4,5,4,5,5,1,5,4,4,4,5,5,5,5,5,5,2,2,4,2,2,1,1,1,1,1,1,1,1,1,633f4f203450d46b01e3d16b,Principle,,,P02,P11,P15,P04,P03,P16,,,,
1/5/2026 16:03,1/5/2026 16:11,0,73.222.28.191,100,449,1,1/5/2026 16:11,R_3vcTnad9z4gT9yG,,,,,37.2692,-121.845,anonymous,EN,1,"1,2",627986ad0b4e17430bd23d80,5,"There is a lot of overlap between the two constitutions, but I found B to have better ones and explanations. One of the biggest one that sets B apart from A is this, ""5. Consistently offer factual and accurate information"" which is a make it or break it difference in my book.",5,"I still hold strong that Constitution B is superior because it has a clause to ""5. Consistently offer factual and accurate information."" There is a ton of overlap, but B does a better job at explaining each rule, which is more appropriate for proper governing. ",5,3,5,9,4,,2,,10,,,,,,,,,,,,,,,,,,,,,,,,,,,,,,,,,,,,,,,,,,,,,,,,,,,,,,,,,,,,,,,,,,,,,,,627986ad0b4e17430bd23d80,Constitution,B_Ours,,,,,,,,,,,
1/5/2026 15:58,1/5/2026 16:11,0,172.58.167.254,100,776,1,1/5/2026 16:11,R_6ZOLPSGRzoXpNdd,,,,,41.8835,-87.6305,anonymous,EN,1,"1,2",5c2c62542c45d400014a32e6,,,,,,,,8,4,,2,,9,,,,,,,,2,3,2,5,5,3,4,4,3,5,5,3,3,4,5,5,5,3,4,5,4,4,5,3,4,5,3,4,4,3,3,3,5,4,4,3,5,4,5,4,3,4,3,3,5,5,5,3,3,5,5,4,4,4,1,1,1,1,1,1,1,1,1,5c2c62542c45d400014a32e6,Principle,,,P17,P10,P11,P03,P20,P02,,,,
1/5/2026 16:07,1/5/2026 16:12,0,46.110.83.233,100,302,1,1/5/2026 16:12,R_1DQXqxLzMsGtvTb,,,,,41.5245,-90.5157,anonymous,EN,1,"1,2",55ecd6ff748092000daa9f5f,,,,,,,,9,4,,6,,10,4,"Bias and inconsistency is the enemy of correct data analysis and work. Without these things, issues or tasks can never be adequately addressed consistently. As such, Constitution A addresses these issues more directly than Constitution B.",4,Bias and inconsistency and a dedication to fact checking is more required for governing a society than anything else and this is more heavily addressed in Constitution A.,5,4,4,,,,,,,,,,,,,,,,,,,,,,,,,,,,,,,,,,,,,,,,,,,,,,,,,,,,,,,,,,,,,,,,55ecd6ff748092000daa9f5f,Constitution,A_Ours,,,,,,,,,,,
1/5/2026 16:05,1/5/2026 16:13,0,172.59.104.114,100,469,1,1/5/2026 16:13,R_1ydFcscm7y7Efjb,,,,,29.9813,-90.1663,anonymous,EN,1,"1,2",67777187e7ba2f3ced22e601,,,,,,,,9,4,,3,,5,,,,,,,,5,5,5,5,5,5,5,5,5,6,6,6,6,6,6,6,6,6,5,5,5,5,5,5,5,5,5,5,5,5,5,5,5,5,5,5,5,5,5,5,5,5,5,5,5,5,5,5,5,5,5,5,5,5,1,1,1,1,1,1,1,1,1,67777187e7ba2f3ced22e601,Principle,,,P12,P08,P11,P17,P07,P01,,,,
1/5/2026 16:07,1/5/2026 16:15,0,76.127.71.169,100,502,1,1/5/2026 16:15,R_6phNOVPwd2fEXF7,,,,,39.7458,-121.8444,anonymous,EN,1,"1,2",5d1653de3935ca001b87ff71,4,"Constitution B seems somewhat better in that it explicitly mentions providing ""factual and accurate"" information while this detail is absent from constitution A; logically, the way that A is worded would almost imply that at least some factual knowledge would be provided, but it's also possible to provide detailed yet inaccurate information, and LLMs have a significant problem with regard to accuracy.",2,"Even with the semantics regarding accuracy in mind, constitution A seems somewhat better when considering general goverance because it doesn't explicitly mention not providing ""harmful"" information and has a greater emphasis on being straightforward and helpful. Without any caveats, it's not clear what would be considered harmful or improper to share.",4,2,2,8,9,,"4,6",,8,,,,,,,,,,,,,,,,,,,,,,,,,,,,,,,,,,,,,,,,,,,,,,,,,,,,,,,,,,,,,,,,,,,,,,,5d1653de3935ca001b87ff71,Constitution,B_Ours,,,,,,,,,,,
1/5/2026 16:13,1/5/2026 16:16,0,47.42.86.242,100,190,1,1/5/2026 16:16,R_6rTDOlqOLvHYXLW,,,,,32.7962,-97.3583,anonymous,EN,1,"1,2",62b2132a781ad15631672d81,,,,,,,,10,5,,6,,7,,,,,,,,5,5,5,5,5,5,5,5,5,4,4,3,4,4,5,4,4,3,5,5,3,3,4,5,5,5,4,5,5,4,5,5,5,5,5,5,5,5,4,5,4,5,4,4,4,5,5,3,3,4,5,5,4,4,1,1,1,1,1,1,1,1,1,62b2132a781ad15631672d81,Principle,,,P15,P18,P19,P07,P05,P03,,,,
1/5/2026 16:12,1/5/2026 16:16,0,97.120.146.165,100,219,1,1/5/2026 16:16,R_5K2B37prqp5gZxO,,,,,45.4804,-122.5891,anonymous,EN,1,"1,2",65ccfdf16bdcab83d5bd1163,,,,,,,,10,5,,6,,11,,,,,,,,5,5,4,2,4,4,4,4,2,5,5,3,4,5,5,5,5,4,5,5,5,5,5,5,5,5,5,4,5,5,4,5,3,5,4,4,4,4,2,4,4,2,2,3,2,4,5,4,4,5,5,5,4,4,1,1,1,1,1,1,1,1,1,65ccfdf16bdcab83d5bd1163,Principle,,,P13,P03,P07,P19,P01,P20,,,,
1/5/2026 16:08,1/5/2026 16:16,0,184.153.17.185,100,465,1,1/5/2026 16:16,R_5hKBreqZrxYI4x4,,,,,40.7547,-73.9614,anonymous,EN,1,"1,2",66b68e2b2c21a7ed557cf866,,,,,,,,11,4,,6,,10,,,,,,,,5,4,4,5,2,5,4,3,5,5,5,4,5,5,5,6,5,5,5,5,5,4,5,5,5,3,2,5,4,4,5,4,5,5,4,5,5,5,5,5,5,5,5,5,5,5,4,5,5,5,5,4,4,2,1,1,1,1,1,1,1,1,1,66b68e2b2c21a7ed557cf866,Principle,,,P05,P20,P04,P09,P14,P12,,,,
1/5/2026 16:07,1/5/2026 16:16,0,141.239.231.63,100,534,1,1/5/2026 16:16,R_5qgZliwOFi1V85u,,,,,21.3195,-157.8525,anonymous,EN,1,"1,2",663a94c4f1f80e7c9c8a2d19,4,It sounds like it would provide more accurate responses to the user,4,The US needs behavior that we can trust. So accuracy ,4,5,5,8,5,,4,,11,,,,,,,,,,,,,,,,,,,,,,,,,,,,,,,,,,,,,,,,,,,,,,,,,,,,,,,,,,,,,,,,,,,,,,,663a94c4f1f80e7c9c8a2d19,Constitution,B_Ours,,,,,,,,,,,
1/5/2026 16:11,1/5/2026 16:17,0,73.41.168.90,100,396,1,1/5/2026 16:17,R_6HYnHVM2HYtb99B,,,,,39.8121,-121.5783,anonymous,EN,1,"1,2",599da50e17c03c000151b18b,,,,,,,,10,5,,6,,10,5,"I use the internet all day for work and one of my hobbies, I find incorrect, outdated and misleading information regularly. While some may question who decides if something is a face, trying to give the most accurate information is important. ",5,Sources should always be made available. Conspiracies real or imagined are a big part of US culture. ,5,4,4,,,,,,,,,,,,,,,,,,,,,,,,,,,,,,,,,,,,,,,,,,,,,,,,,,,,,,,,,,,,,,,,599da50e17c03c000151b18b,Constitution,A_Ours,,,,,,,,,,,
1/5/2026 16:15,1/5/2026 16:19,0,38.62.128.73,100,200,1,1/5/2026 16:19,R_792GMtS2TbYFpdL,,,,,31.7227,-83.2559,anonymous,EN,1,"1,2",62827483ae4c6af3f0af9bce,,,,,,,,8,4,,6,,5,5,"Constitution A seems like it would provide a better overall experience, and it would allow me to interact with an AI that is more tailored to my preferences. ",5,"Constitution A feels like the superior choice, because it feels more comprehensive and in depth, ensuring the AI follows a more organized structure.",3,3,3,,,,,,,,,,,,,,,,,,,,,,,,,,,,,,,,,,,,,,,,,,,,,,,,,,,,,,,,,,,,,,,,62827483ae4c6af3f0af9bce,Constitution,A_Ours,,,,,,,,,,,
1/5/2026 16:09,1/5/2026 16:20,0,99.132.235.78,100,629,1,1/5/2026 16:20,R_5izKVtl9FjuHWjD,,,,,41.5954,-87.7461,anonymous,EN,1,"1,2",62e0532289a4e5d9fedadde1,2,I chose constitution A. I prefer accuracy and detail over being concerned about biases and tone.,2,"A.I should be accurate and trustworthy, as well as relevant and clear. Constitution A focuses on these more important things as compared to lesser ones for constitution B.",3,2,1,9,4,,6,,5,,,,,,,,,,,,,,,,,,,,,,,,,,,,,,,,,,,,,,,,,,,,,,,,,,,,,,,,,,,,,,,,,,,,,,,62e0532289a4e5d9fedadde1,Constitution,B_Ours,,,,,,,,,,,
1/5/2026 16:10,1/5/2026 16:20,0,47.159.210.212,100,630,1,1/5/2026 16:20,R_5AZvmm4aHmLcKWK,,,,,34.2149,-119.1761,anonymous,EN,1,"1,2",662d7fba32d6a738b194d893,,,,,,,,8,4,,4,,9,,,,,,,,5,5,4,4,5,4,4,5,4,4,4,4,4,3,4,4,4,3,5,5,5,5,5,5,4,5,5,4,5,4,4,4,3,4,4,4,5,5,4,4,5,5,5,5,4,5,5,5,5,4,5,5,4,4,1,1,1,1,1,1,1,1,1,662d7fba32d6a738b194d893,Principle,,,P20,P17,P01,P13,P07,P10,,,,
1/5/2026 16:13,1/5/2026 16:21,0,47.224.124.3,100,486,1,1/5/2026 16:21,R_5cB4nSEWBHVQ0Ip,,,,,43.4282,-83.9764,anonymous,EN,1,"1,2",6713eeea64ca1fb59cbcbce4,5,I prefer Constitution B. It makes the AI safer and more trustworthy overall by focusing on avoiding harm and also the prompts are more natural conversation wise.  ,5,Still strongly prefer B because of the rules to prevent harm and maintain safety.  It also feels more humanlike in responses to prompts.  ,5,4,3,10,4,,6,,10,,,,,,,,,,,,,,,,,,,,,,,,,,,,,,,,,,,,,,,,,,,,,,,,,,,,,,,,,,,,,,,,,,,,,,,6713eeea64ca1fb59cbcbce4,Constitution,B_Ours,,,,,,,,,,,
1/5/2026 16:15,1/5/2026 16:22,0,70.59.206.1,100,369,1,1/5/2026 16:22,R_19fPX2oPJRT0FcZ,,,,,38.9129,-104.7794,anonymous,EN,1,"1,2",5f0a686635f72917e94c7a63,,,,,,,,13,8,,8,,14,,,,,,,,5,4,4,4,4,5,5,5,2,4,2,2,2,1,4,3,3,2,5,5,5,5,5,5,4,5,5,5,5,5,5,5,5,5,5,5,5,5,5,5,5,5,5,5,5,5,5,5,5,5,5,5,5,2,1,1,1,1,1,1,1,1,1,5f0a686635f72917e94c7a63,Principle,,,P05,P14,P07,P03,P19,P11,,,,
1/5/2026 16:18,1/5/2026 16:22,0,24.167.186.51,100,263,1,1/5/2026 16:22,R_1AmI223zwnuJQ2J,,,,,36.4995,-80.616,anonymous,EN,1,"1,2",565bff58c121fe0005fc390d,,,,,,,,10,5,,3,,10,,,,,,,,2,2,1,1,1,1,1,1,1,5,4,4,5,4,5,4,4,4,3,3,3,3,3,3,3,2,2,5,5,5,5,5,5,5,5,5,5,5,5,5,5,5,5,5,5,5,5,5,5,4,5,5,5,4,1,1,1,1,1,1,1,1,1,565bff58c121fe0005fc390d,Principle,,,P05,P03,P16,P02,P14,P18,,,,
1/5/2026 16:19,1/5/2026 16:24,0,38.46.18.72,100,333,1,1/5/2026 16:24,R_5eCuZzYOU8jg3mE,,,,,44.0991,-123.1371,anonymous,EN,1,"1,2",5eb5f6d5e38e9f4e6c8dde3f,,,,,,,,8,5,,6,,10,5,It is more thought out and has a lot of features that I like.,5,I like that is always kind and respectful.,4,5,5,,,,,,,,,,,,,,,,,,,,,,,,,,,,,,,,,,,,,,,,,,,,,,,,,,,,,,,,,,,,,,,,5eb5f6d5e38e9f4e6c8dde3f,Constitution,A_Ours,,,,,,,,,,,
1/5/2026 16:19,1/5/2026 16:26,0,75.186.103.193,100,373,1,1/5/2026 16:26,R_79omrDKV2CbvAL3,,,,,39.336,-84.3126,anonymous,EN,1,"1,2",60fd39703a387e7cfb6893b7,,,,,,,,10,5,,6,,10,,,,,,,,1,1,1,1,1,1,1,1,1,4,4,4,2,4,2,2,4,4,2,2,2,4,2,2,2,4,4,1,1,1,3,4,2,1,2,1,2,2,1,1,1,1,1,2,1,2,1,1,1,1,1,1,2,1,1,1,1,1,1,1,1,1,1,60fd39703a387e7cfb6893b7,Principle,,,P16,P17,P07,P01,P09,P11,,,,
1/5/2026 16:02,1/5/2026 16:28,0,38.46.33.157,100,1523,1,1/5/2026 16:28,R_11vGAOE262edbUL,,,,,42.6279,-72.8698,anonymous,EN,1,"1,2",667c6739907eb124d6f25e83,,,,,,,,12,5,,6,,12,5,"Constitution A seems to be more ethically based, while Constitution B is more focused on style, providing plain language that provides easy to understand, direct information. Constitution A also provides for clear explanation and correct information, including in this passage: ""clear, detailed, and step-by-step instructions to ensure user understanding and facilitate task completion. 5. Consistently offer factual and accurate information."" It does not express the need to focus only on making the material understandable for those who may not have developed literacy or critical thinking skills. Clarity is covered in A; ethical reporting is not covered in B.

Constitution B does not include ethics in providing information, and one of the resulting and now often prevalent dangers in AI can now be easily seen when the technology is very advanced, but the information, messages tone, and intent is manipulable to fool people with skewed, inaccurate information with the intent to misinform, causing the user to need to do more research through verified sources as to the truth of the answer. It can be more easily used to lie to users and conceal or spin the truth. Users are not always willing to do the extra work to research and verify AI information, and may just accept answers, if understandable, as true, when in fact, AI has proven not to necessarily be so, and often requires human investigation to verify and cross-check.",5,"The prior answer includes much of this: AI seems to have a mind of its own and governance will provide guidelines and regulations (hopefully) that are standards, and against which its results can be measured in case it has proven harmful to users. Case in point: today's news (1/5/2026) reports a young person who died of an overdose because they used AI to prescribe drug dosage. This is harmful, and may very well be litigated. Without guidelines, AI can become dangerous to mental health, actual practices, and detrimental to users of all stripes. It can also be manipulated to achieve political ends and power transfers not based on ethical, legal, or moral values.",5,4,4,,,,,,,,,,,,,,,,,,,,,,,,,,,,,,,,,,,,,,,,,,,,,,,,,,,,,,,,,,,,,,,,667c6739907eb124d6f25e83,Constitution,A_Ours,,,,,,,,,,,
1/5/2026 16:15,1/5/2026 16:31,0,71.198.76.179,100,920,1,1/5/2026 16:31,R_1EsOj3i6wdk5v8y,,,,,37.3479,-121.8527,anonymous,EN,1,"1,2",5e4b793f03c92a08a6d28e3f,,,,,,,,8,4,,2,,5,,,,,,,,5,4,4,3,4,4,3,4,3,4,3,3,4,4,3,4,5,4,4,4,3,2,3,4,5,4,3,5,4,3,4,3,2,4,4,3,4,3,3,4,3,4,4,3,4,4,4,3,4,4,3,3,2,3,1,1,1,1,1,1,1,1,1,5e4b793f03c92a08a6d28e3f,Principle,,,P16,P03,P18,P08,P17,P10,,,,
1/5/2026 16:29,1/5/2026 16:34,0,73.77.55.87,100,335,1,1/5/2026 16:34,R_6rPAV68b2cYaitP,,,,,29.5183,-95.0977,anonymous,EN,1,"1,2",65c18c789a79785086046517,4,"Because B firmly addresses the biggest issue with AI chabots with #5: Consistently offer factual and accurate information. Other than that, there doesn't seem to be much difference.",4,My reasoning is the same as with the first question: there needs to be an emphasis on facts and truth.,4,4,4,11,4,,6,,9,,,,,,,,,,,,,,,,,,,,,,,,,,,,,,,,,,,,,,,,,,,,,,,,,,,,,,,,,,,,,,,,,,,,,,,65c18c789a79785086046517,Constitution,B_Ours,,,,,,,,,,,
1/5/2026 16:33,1/5/2026 16:41,0,172.79.72.105,100,469,1,1/5/2026 16:41,R_5MQgPbFjpMT99MV,,,,,40.505,-121.8857,anonymous,EN,1,"1,2",694ef4987722531ce66e04a8,,,,,,,,8,4,,6,,10,1,"I feel like A put a little too much into it, I feel like keeping the rules short and concise will be easier for an AI to follow while also giving them a little space to work around. ",1,"I feel like A is too strict and has too much in it. AI needs a little room to breathe or else it just becomes a stale regulated tool filled with restrictions, no one will want to use it. ",3,2,2,,,,,,,,,,,,,,,,,,,,,,,,,,,,,,,,,,,,,,,,,,,,,,,,,,,,,,,,,,,,,,,,694ef4987722531ce66e04a8,Constitution,A_Ours,,,,,,,,,,,
1/5/2026 16:07,1/5/2026 16:42,0,172.59.188.207,100,2067,1,1/5/2026 16:42,R_7mOAbGIKF2Qnn8G,,,,,41.8835,-87.6305,anonymous,EN,1,"1,2",62c35e9517e15b36b957a678,5,"Constitution B is more guided by accuracy and fairness, which is important in daily interactions. ",5,Constition B because it would limit bias while still being helpful to the average person.,5,4,2,9,4,,4,,8,,,,,,,,,,,,,,,,,,,,,,,,,,,,,,,,,,,,,,,,,,,,,,,,,,,,,,,,,,,,,,,,,,,,,,,62c35e9517e15b36b957a678,Constitution,B_Ours,,,,,,,,,,,
1/5/2026 16:34,1/5/2026 16:42,0,148.170.200.204,100,534,1,1/5/2026 16:42,R_377ZXNgWDO4TQyA,,,,,36.0783,-91.4747,anonymous,EN,1,"1,2",5cbcfce214b3cb0015f03471,,,,,,,,10,4,,6,,10,,,,,,,,5,5,5,5,5,5,5,5,5,5,5,5,5,5,5,5,5,5,5,5,3,3,5,5,5,5,5,5,5,5,5,5,5,5,5,5,4,3,3,3,4,5,5,4,4,5,5,4,4,5,5,5,5,5,1,1,1,1,1,1,1,1,1,5cbcfce214b3cb0015f03471,Principle,,,P01,P13,P16,P10,P18,P06,,,,
1/5/2026 16:42,1/5/2026 16:50,0,70.177.156.126,100,527,1,1/5/2026 16:50,R_1LNYNpKIsnfxCv5,,,,,32.5938,-83.642,anonymous,EN,1,"1,2",655f95ffd90905e27c938a49,,,,,,,,9,5,,2,,13,,,,,,,,5,5,3,5,5,5,5,5,5,5,5,5,5,5,5,5,5,5,5,5,4,4,5,5,5,5,5,5,5,5,5,5,5,5,5,5,5,5,5,5,5,5,5,5,5,5,5,3,5,5,5,5,5,5,1,1,1,1,1,1,1,1,1,655f95ffd90905e27c938a49,Principle,,,P17,P01,P04,P19,P09,P13,,,,
1/5/2026 17:04,1/5/2026 17:12,0,46.110.217.20,100,509,1,1/5/2026 17:12,R_6QDMlgAUZOAiiPn,,,,,36.053,-95.7336,anonymous,EN,1,"1,2",6600a119385d8631c41cd795,,,,,,,,9,4,,6,,10,5,"Constitution A seems much more user friendly and overall tailored to the user better, through its use of emulating the style/tone of the conversation, providing natural and authentic expressions over rigid structured responses etc. Also, it has anti-bias mechanisms in place as well.",5,"A is better for many reasons - some of the more important ones being that it consistently offers factual and accurate information, without bias. Avoidance of false or harmful information. PRoviding clear step-by-step instructions, etc... Overall these features best cater to the majority of people.",5,5,5,,,,,,,,,,,,,,,,,,,,,,,,,,,,,,,,,,,,,,,,,,,,,,,,,,,,,,,,,,,,,,,,6600a119385d8631c41cd795,Constitution,A_Ours,,,,,,,,,,,
1/7/2026 18:06,1/7/2026 18:10,0,98.163.246.184,100,230,1,1/7/2026 18:10,R_6UqjYPNxHZvTK8h,,,,,29.9353,-90.074,anonymous,EN,1,"1,2",62d21a095ad69a4459f6d664,,,,,,,,9,4,,6,,9,,,,,,,,5,5,5,5,5,5,5,5,5,5,5,5,5,5,5,5,5,5,5,5,5,5,5,5,5,5,5,5,5,5,5,5,5,5,5,5,4,4,4,5,5,5,5,5,5,5,5,5,5,5,5,5,5,5,1,1,1,1,1,1,1,1,1,62d21a095ad69a4459f6d664,Principle,,,P15,P06,P07,P10,P12,P20,,,,
1/7/2026 18:06,1/7/2026 18:12,0,71.237.161.166,100,342,1,1/7/2026 18:12,R_7M0VAcmF2aEK92x,,,,,45.461,-122.7052,anonymous,EN,1,"1,2",672adb2909ca72744f212a7d,4,The basic concepts in each were the same in my opinion. I think the B version was written out in a more elaborate and thoughtful way instead of a more concise and factual style of A. ,3,I think the mix of both would be ideal.  Anyone who uses online sources to get information is likely getting biased presentation and doesnt need more influence and sway from AI when trying to get information and assistance. ,4,3,4,11,4,,6,,8,,,,,,,,,,,,,,,,,,,,,,,,,,,,,,,,,,,,,,,,,,,,,,,,,,,,,,,,,,,,,,,,,,,,,,,672adb2909ca72744f212a7d,Constitution,B_Ours,,,,,,,,,,,
1/7/2026 18:08,1/7/2026 18:16,0,70.112.2.6,100,450,1,1/7/2026 18:16,R_6bNx7Dn6vRZfSS5,,,,,30.2424,-97.767,anonymous,EN,1,"1,2",67c14754a2a8b8bf498fe94c,,,,,,,,10,4,,6,,7,2,"I like that constitution b specifies directly answering the users question. Also in constitution A I would want to know what constitutes as ""harmful"".",2,I would prefer constitution b because it is more concise also for the same reasons that I prefer it myself.,4,3,2,,,,,,,,,,,,,,,,,,,,,,,,,,,,,,,,,,,,,,,,,,,,,,,,,,,,,,,,,,,,,,,,67c14754a2a8b8bf498fe94c,Constitution,A_Ours,,,,,,,,,,,
1/7/2026 18:09,1/7/2026 18:16,0,24.16.78.98,100,427,1,1/7/2026 18:16,R_6qeevQcuYkYzxIS,,,,,47.7345,-117.447,anonymous,EN,1,"1,2",56b53292a9d33a000c8981a6,,,,,,,,10,5,,6,,9,,,,,,,,3,3,3,2,3,1,3,2,2,5,5,5,4,4,2,5,4,3,4,4,4,4,3,2,5,4,5,4,4,4,4,4,4,5,4,3,4,3,2,4,4,4,5,4,4,3,2,1,3,1,1,2,1,1,1,1,1,1,1,1,1,1,1,56b53292a9d33a000c8981a6,Principle,,,P20,P06,P15,P05,P04,P13,,,,
1/7/2026 18:13,1/7/2026 18:17,0,71.10.18.29,100,204,1,1/7/2026 18:17,R_5Ijkz6ZrO399SMq,,,,,43.6055,-84.7796,anonymous,EN,1,"1,2",69430b05ee02bcc522ccfa49,5,"I think that we need regulation when it comes to next generation technology such as ASI and AGI. However, it is hard to regulate when everyone is racing to the best tech. ",5,Ethical standards are very important to adopt this new technology. ,5,5,5,7,4,,6,,9,,,,,,,,,,,,,,,,,,,,,,,,,,,,,,,,,,,,,,,,,,,,,,,,,,,,,,,,,,,,,,,,,,,,,,,69430b05ee02bcc522ccfa49,Constitution,B_Ours,,,,,,,,,,,
1/7/2026 18:09,1/7/2026 18:18,0,66.142.128.252,100,516,1,1/7/2026 18:18,R_5oA7FuT3F2Bl07A,,,,,38.028,-121.8847,anonymous,EN,1,"1,2",66bfd4b46a7e9cec65d88461,,,,,,,,11,5,,6,,8,4,"The focus on ethics, harm and bias prevention put it over the top for me.  However I would like to see ALL of the stipulations not either or. ",4,A is better in the harm prevention arena and I believe that is going to be an area of focus.   I would however prefer both to be integrated. ,5,3,3,,,,,,,,,,,,,,,,,,,,,,,,,,,,,,,,,,,,,,,,,,,,,,,,,,,,,,,,,,,,,,,,66bfd4b46a7e9cec65d88461,Constitution,A_Ours,,,,,,,,,,,
1/7/2026 18:10,1/7/2026 18:18,0,174.168.133.0,100,469,1,1/7/2026 18:18,R_1wR1aRFm59QSHEY,,,,,42.2463,-70.9972,anonymous,EN,1,"1,2",5c388683fb3f0f0001fdf65a,5,I strongly believe fact checking and ethics must be maintained by conversational AIs. Constitution A seems very unsafe without such guard rails.,5,Rampant misinformation is already a major problem in the US. Constitution B is the only one that addresses the false or harmful information issue.,5,4,4,9,4,,2,,10,,,,,,,,,,,,,,,,,,,,,,,,,,,,,,,,,,,,,,,,,,,,,,,,,,,,,,,,,,,,,,,,,,,,,,,5c388683fb3f0f0001fdf65a,Constitution,B_Ours,,,,,,,,,,,
1/7/2026 18:14,1/7/2026 18:18,0,205.154.245.242,100,261,1,1/7/2026 18:18,R_19YuwaA1El6IFoZ,,,,,37.2295,-121.9865,anonymous,EN,1,"1,2",6567592c14d1295fa4280f34,,,,,,,,9,5,,4,,10,,,,,,,,5,5,4,4,5,5,4,5,3,5,5,4,3,5,5,4,4,3,5,4,4,5,4,5,5,5,5,5,5,3,4,4,5,4,4,3,4,5,4,4,4,5,5,4,3,5,4,4,5,4,5,5,4,5,1,1,1,1,1,1,1,1,1,6567592c14d1295fa4280f34,Principle,,,P12,P11,P05,P16,P04,P06,,,,
1/7/2026 18:12,1/7/2026 18:18,0,99.131.48.114,100,408,1,1/7/2026 18:18,R_7eRa3OLgF7u8MU0,,,,,35.7704,-78.6293,anonymous,EN,0.800000012,"1,2",5e9f3f09ccc75a0c345e4845,,,,,,,,12,5,,6,,10,,,,,,,,4,4,4,4,4,4,4,4,4,4,4,4,4,4,4,4,4,4,5,5,5,5,5,5,5,5,5,4,4,4,4,4,4,4,4,4,4,4,4,4,4,4,4,4,4,4,4,3,3,4,4,4,4,3,1,1,1,1,1,1,1,1,1,5e9f3f09ccc75a0c345e4845,Principle,,,P10,P05,P01,P19,P18,P11,,,,
1/7/2026 18:16,1/7/2026 18:19,0,129.222.46.111,100,191,1,1/7/2026 18:19,R_5SFrOlEYscWiVl7,,,,,44.9834,-93.2622,anonymous,EN,1,"1,2",616cf9ae07c1c6bd05d95beb,,,,,,,,10,4,,6,,9,,,,,,,,5,5,3,5,5,5,5,5,5,5,5,5,5,5,5,5,5,5,5,5,5,5,5,5,5,5,5,5,5,5,5,5,5,5,5,5,5,5,5,5,5,5,5,5,5,3,3,3,4,3,3,3,3,3,1,1,1,1,1,1,1,1,1,616cf9ae07c1c6bd05d95beb,Principle,,,P13,P17,P01,P08,P19,P09,,,,
1/7/2026 18:16,1/7/2026 18:22,0,216.145.66.163,100,394,1,1/7/2026 18:22,R_1vz7zwXY4ws3ij7,,,,,36.3437,-83.8041,anonymous,EN,1,"1,2",5d42486206811e001ada5b4b,4,i think this is the 1 that would be most fair for people and treat all people equally,4,i think this 1 would be the most fair and ethical,4,3,5,10,4,,6,,5,,,,,,,,,,,,,,,,,,,,,,,,,,,,,,,,,,,,,,,,,,,,,,,,,,,,,,,,,,,,,,,,,,,,,,,5d42486206811e001ada5b4b,Constitution,B_Ours,,,,,,,,,,,
1/7/2026 18:18,1/7/2026 18:23,0,174.77.0.132,100,292,1,1/7/2026 18:23,R_3LoqPqnmtb2EK8i,,,,,38.777,-77.1895,anonymous,EN,1,"1,2",674bea1eb044fbe75795fef1,,,,,,,,10,5,,6,,10,,,,,,,,4,4,4,5,5,4,5,5,5,4,4,5,5,5,4,5,5,4,5,4,5,4,5,3,4,3,3,4,4,4,4,5,4,5,4,4,4,4,4,4,5,4,5,5,4,5,3,4,5,5,2,4,4,4,1,1,1,1,1,1,1,1,1,674bea1eb044fbe75795fef1,Principle,,,P12,P10,P14,P15,P02,P04,,,,
1/7/2026 18:22,1/7/2026 18:25,0,50.91.227.104,100,208,1,1/7/2026 18:25,R_1b2UYAhBuiqxVS0,,,,,35.5954,-119.342,anonymous,EN,1,"1,2",673c90022c553e1b8f60a3af,,,,,,,,8,4,,4,,5,5,"I liked #8 where it says to simulate the specified style, tone, and character to enhance it's answer. To me it gives the AI sort of like a concious. ",5,I feel like the reasons is constitution a are a lot better for AI than b.,3,4,5,,,,,,,,,,,,,,,,,,,,,,,,,,,,,,,,,,,,,,,,,,,,,,,,,,,,,,,,,,,,,,,,673c90022c553e1b8f60a3af,Constitution,A_Ours,,,,,,,,,,,
1/7/2026 18:16,1/7/2026 18:26,0,73.7.194.104,100,604,1,1/7/2026 18:26,R_1haouifnJ0mvrpG,,,,,34.024,-84.2396,anonymous,EN,1,"1,2",678340c9ba7d324b063cec2f,,,,,,,,7,4,,2,,8,4,"I think that while AI should directly answer the user's specific request, it is more important that it does so in the manner that Constitution A laid out, most importantly, impartially and ethically.",4,"I think that AI should always tries its best to be just, ethical, and unbiased. ",5,1,3,,,,,,,,,,,,,,,,,,,,,,,,,,,,,,,,,,,,,,,,,,,,,,,,,,,,,,,,,,,,,,,,678340c9ba7d324b063cec2f,Constitution,A_Ours,,,,,,,,,,,
1/7/2026 18:16,1/7/2026 18:26,0,184.83.115.225,100,585,1,1/7/2026 18:26,R_51Xznct8uruo0Ny,,,,,43.547,-96.7244,anonymous,EN,1,"1,2",653f2424042d03012eb92ef5,,,,,,,,12,5,,6,,5,,,,,,,,4,4,4,5,5,5,4,5,5,5,4,4,4,5,4,5,5,5,4,5,4,5,5,5,5,5,5,5,5,4,4,5,5,5,5,4,5,5,5,5,5,5,5,4,4,4,4,5,4,4,4,4,4,4,1,1,1,1,1,1,1,1,1,653f2424042d03012eb92ef5,Principle,,,P10,P03,P09,P18,P19,P11,,,,
1/7/2026 18:23,1/7/2026 18:26,0,76.166.168.173,100,150,1,1/7/2026 18:26,R_5zx1HWLdtjwSEqE,,,,,34.0031,-117.962,anonymous,EN,1,"1,2",65625f5519bb4cecffc7ebdc,,,,,,,,7,5,,2,,8,,,,,,,,5,5,5,5,4,5,4,5,5,5,5,4,5,5,4,2,4,4,5,5,5,5,5,5,5,5,5,4,4,4,4,5,5,5,5,5,5,5,5,5,3,3,3,4,5,5,5,4,5,5,5,5,5,5,1,1,1,1,1,1,1,1,1,65625f5519bb4cecffc7ebdc,Principle,,,P06,P05,P02,P17,P16,P18,,,,
1/7/2026 18:34,1/7/2026 18:38,0,216.201.64.140,100,238,1,1/7/2026 18:38,R_1kYBdT4YFJjGSZO,,,,,39.1061,-121.6159,anonymous,EN,1,"1,2",614f23fabc0fcaa3cdfb9e05,,,,,,,,10,5,,6,,9,,,,,,,,5,5,4,5,5,3,5,5,6,3,3,1,5,5,2,5,5,6,5,5,3,5,5,2,5,5,6,5,5,1,5,5,2,5,5,6,5,5,5,5,5,4,5,5,5,5,5,5,5,5,3,5,5,6,1,1,1,1,1,1,1,1,1,614f23fabc0fcaa3cdfb9e05,Principle,,,P15,P16,P07,P04,P20,P02,,,,
1/7/2026 18:26,1/7/2026 18:38,0,23.117.97.242,100,705,1,1/7/2026 18:38,R_1MVcz205PvTt12F,,,,,30.4016,-86.8636,anonymous,EN,1,"1,2",5ccba9db385fbf0001f55fd6,,,,,,,,9,5,,6,,11,4,I think my preference for Constitution A leans toward the unbiased and ethical takes as well as the offer to provide unique qualities to subjects. I am usually looking for outside-the-box thinking when I utilize AI and not something I can easily find myself through a google search. ,5,"Unbiased and ethical is the most important feature to have within our nation, in my opinion. ",5,4,3,,,,,,,,,,,,,,,,,,,,,,,,,,,,,,,,,,,,,,,,,,,,,,,,,,,,,,,,,,,,,,,,5ccba9db385fbf0001f55fd6,Constitution,A_Ours,,,,,,,,,,,
1/7/2026 18:34,1/7/2026 18:38,0,76.32.192.168,100,297,1,1/7/2026 18:38,R_6pMUUZs2bDnPisJ,,,,,33.754,-117.8578,anonymous,EN,1,"1,2",614becce61f2753af92727bb,1,I just feel that Constitution A provides more of a clear cut and intelligent model. Constitution B seems more like a person with feelings and emotions which I don't really care for any of that. ,4,I would maybe lean with Constitution B because it seems like they would not sugar coat anything too much. They will give you the good and bad which can be seen as truthful. ,4,1,1,9,4,,4,,7,,,,,,,,,,,,,,,,,,,,,,,,,,,,,,,,,,,,,,,,,,,,,,,,,,,,,,,,,,,,,,,,,,,,,,,614becce61f2753af92727bb,Constitution,B_Ours,,,,,,,,,,,
1/7/2026 18:37,1/7/2026 18:41,0,99.83.58.226,100,238,1,1/7/2026 18:41,R_7MSfhcHYOSkXua2,,,,,37.8065,-85.4592,anonymous,EN,1,"1,2",5eb080ccaf87d11143472477,,,,,,,,8,5,,"1,2,3,6",,10,5,The wording is clear and easy to understand exactly what to expect from the AI and it sounds like it would tailor more towards human needs and understanding.,5,It appears more coherent and professional. ,5,3,5,,,,,,,,,,,,,,,,,,,,,,,,,,,,,,,,,,,,,,,,,,,,,,,,,,,,,,,,,,,,,,,,5eb080ccaf87d11143472477,Constitution,A_Ours,,,,,,,,,,,
1/7/2026 18:33,1/7/2026 18:41,0,35.146.5.144,100,460,1,1/7/2026 18:41,R_7htlMs78jNGYPpD,,,,,32.6963,-97.1346,anonymous,EN,1,"1,2",6113ffbf45e79bc2769db74c,,,,,,,,8,5,,3,,9,,,,,,,,5,5,4,5,5,5,4,5,6,5,5,4,5,4,4,4,5,4,5,4,5,5,5,4,6,4,4,6,6,6,4,5,4,4,4,6,5,4,5,4,4,5,6,4,5,5,4,4,4,6,4,3,5,4,1,1,1,1,1,1,1,1,1,6113ffbf45e79bc2769db74c,Principle,,,P12,P05,P02,P01,P18,P15,,,,
1/7/2026 18:45,1/7/2026 18:51,0,73.238.53.219,100,324,1,1/7/2026 18:51,R_6hX2ORPllckw5tW,,,,,42.302,-70.9078,anonymous,EN,1,"1,2",5f828a47a08cb43c715fe3a2,4,I favor step by step answers and the emphasis in constitution B for factual and accurate answers.,5,The accuracy element is a huge factor for the rest of the country.,5,3,4,9,4,,6,,11,,,,,,,,,,,,,,,,,,,,,,,,,,,,,,,,,,,,,,,,,,,,,,,,,,,,,,,,,,,,,,,,,,,,,,,5f828a47a08cb43c715fe3a2,Constitution,B_Ours,,,,,,,,,,,
1/7/2026 19:03,1/7/2026 19:12,0,73.169.157.132,100,513,1,1/7/2026 19:12,R_3JVk81US28Dbb3j,,,,,47.223,-122.5361,anonymous,EN,1,"1,2",6675ebfe4ca3bfdd2a986877,,,,,,,,10,5,,2,,10,,,,,,,,5,5,5,5,5,5,5,5,5,5,5,5,5,5,5,5,5,5,5,5,5,5,5,5,5,5,5,5,5,5,5,5,5,2,5,5,5,4,4,3,4,5,5,5,5,3,3,5,5,5,5,5,5,5,1,1,1,1,1,1,1,1,1,6675ebfe4ca3bfdd2a986877,Principle,,,P17,P10,P08,P04,P12,P14,,,,
1/7/2026 19:15,1/7/2026 19:21,0,172.59.141.194,100,352,1,1/7/2026 19:21,R_1spOnKHsYH4iTCN,,,,,40.4236,-79.9825,anonymous,EN,1,"1,2",5df89cab69a117620a70f1ee,,,,,,,,9,4,,6,,10,4,I feel like number 1 is more detailed and to the point.  Number 2 is more vague  ,4,It states that it is unbiased with race.,4,4,4,,,,,,,,,,,,,,,,,,,,,,,,,,,,,,,,,,,,,,,,,,,,,,,,,,,,,,,,,,,,,,,,5df89cab69a117620a70f1ee,Constitution,A_Ours,,,,,,,,,,,
